{
  "hash": "8396f8a6",
  "configHash": "c8b7b348",
  "lockfileHash": "5b5483b9",
  "browserHash": "38d566f7",
  "optimized": {
    "react": {
      "src": "../../node_modules/react/index.js",
      "file": "react.js",
      "fileHash": "167f6283",
      "needsInterop": true
    },
    "react-dom/client": {
      "src": "../../node_modules/react-dom/client.js",
      "file": "react-dom_client.js",
      "fileHash": "70402652",
      "needsInterop": true
    },
    "react-router-dom": {
      "src": "../../node_modules/react-router-dom/dist/index.mjs",
      "file": "react-router-dom.js",
      "fileHash": "01510751",
      "needsInterop": false
    }
  },
  "chunks": {
    "chunk-ECDLP2BU": {
      "file": "chunk-ECDLP2BU.js"
    },
    "chunk-AK4TLUUY": {
      "file": "chunk-AK4TLUUY.js"
    }
  }
}